City_ID,City,Country,Date,Lat,Lng,Max Temp,Humidity,Cloudiness,Wind Speed
0,Zhuhai,CN,2022-07-17 15:01:15,22.2769,113.5678,88.86,84,40,11.5
1,Te Anau,NZ,2022-07-17 15:01:16,-45.4167,167.7167,50.77,90,100,8.97
2,Bethel,US,2022-07-17 15:01:16,41.3712,-73.414,83.19,71,45,1.99
3,Seoul,KR,2022-07-17 15:01:17,37.5683,126.9778,76.44,73,16,3.18
4,Aktau,KZ,2022-07-17 15:01:17,43.65,51.2,84.78,50,0,11.1
5,Hermanus,ZA,2022-07-17 15:01:18,-34.4187,19.2345,63.7,71,0,17.83
6,Atuona,PF,2022-07-17 15:01:18,-9.8,-139.0333,77.83,76,23,20.45
7,Khatanga,RU,2022-07-17 15:01:18,71.9667,102.5,59.74,61,100,7.49
8,San Juan,AR,2022-07-17 15:00:45,-31.5375,-68.5364,54.05,22,0,11.95
9,Bonfim,BR,2022-07-17 15:01:19,3.0833,-59.95,85.96,64,47,2.98
10,Mataura,NZ,2022-07-17 15:01:20,-46.1927,168.8643,51.48,75,80,7.83
11,Punta Arenas,CL,2022-07-17 15:01:20,-53.15,-70.9167,37.15,76,100,15.48
12,Bredasdorp,ZA,2022-07-17 15:01:20,-34.5322,20.0403,65.97,62,0,5.48
13,Egvekinot,RU,2022-07-17 15:01:21,66.3167,-179.1667,42.3,95,100,4.92
14,Taman,RU,2022-07-17 15:01:21,45.2117,36.7161,78.6,59,4,10.42
15,Guerrero Negro,MX,2022-07-17 15:01:22,27.9769,-114.0611,69.6,74,3,9.6
16,Priyutnoye,RU,2022-07-17 15:01:22,46.1011,43.5072,91.67,27,2,11.3
17,Rikitea,PF,2022-07-17 15:01:23,-23.1203,-134.9692,73.62,78,100,16.35
18,Severo-Kurilsk,RU,2022-07-17 15:01:23,50.6789,156.125,53.71,96,100,2.33
19,Airai,TL,2022-07-17 15:01:23,-8.9266,125.4092,54.5,91,49,2.84
20,Chuy,UY,2022-07-17 15:01:24,-33.6971,-53.4616,48.65,69,0,14.54
21,Sao Filipe,CV,2022-07-17 15:01:24,14.8961,-24.4956,76.08,79,31,13.44
22,Kapaa,US,2022-07-17 15:01:25,22.0752,-159.319,77.11,82,100,4.0
23,Narsaq,GL,2022-07-17 15:01:25,60.9167,-46.05,55.62,64,7,7.87
24,Cabo San Lucas,MX,2022-07-17 15:01:26,22.8909,-109.9124,84.61,44,10,3.0
25,Bluff,NZ,2022-07-17 15:01:26,-46.6,168.3333,51.8,61,85,22.24
26,Ushuaia,AR,2022-07-17 15:01:26,-54.8,-68.3,31.87,91,100,10.0
27,Aransas Pass,US,2022-07-17 15:01:27,27.9095,-97.15,89.62,73,40,10.36
28,Bainbridge,US,2022-07-17 14:57:27,47.6262,-122.5212,60.3,79,100,1.01
29,Faanui,PF,2022-07-17 15:01:28,-16.4833,-151.75,75.99,74,69,18.23
30,Vao,NC,2022-07-17 15:01:28,-22.6667,167.4833,70.12,71,93,18.75
31,Salamiyah,SY,2022-07-17 15:01:28,35.0113,37.0532,93.25,25,0,18.34
32,Vardo,NO,2022-07-17 15:01:29,70.3705,31.1107,57.18,77,72,8.05
33,Ponta Do Sol,PT,2022-07-17 15:01:29,32.6667,-17.1,79.72,79,34,8.39
34,Chokurdakh,RU,2022-07-17 15:01:29,70.6333,147.9167,38.07,58,15,6.35
35,Nemuro,JP,2022-07-17 15:01:30,43.3236,145.575,62.91,99,100,16.6
36,Avarua,CK,2022-07-17 15:01:30,-21.2078,-159.775,73.45,68,100,5.75
37,Komsomolskiy,UZ,2022-07-17 15:01:31,40.4272,71.7189,97.52,15,0,4.61
38,Iqaluit,CA,2022-07-17 15:01:19,63.7506,-68.5145,47.7,93,100,3.0
39,Springbok,ZA,2022-07-17 15:01:31,-29.6643,17.8865,71.4,20,4,10.2
40,Port Elizabeth,ZA,2022-07-17 15:01:32,-33.918,25.5701,81.1,31,1,8.68
41,Yellowknife,CA,2022-07-17 15:01:32,62.456,-114.3525,59.56,93,100,15.99
42,Esperance,AU,2022-07-17 15:01:33,-33.8667,121.9,55.02,75,99,15.17
43,Antofagasta,CL,2022-07-17 15:01:33,-23.65,-70.4,67.21,51,0,7.65
44,Clyde River,CA,2022-07-17 15:01:33,70.4692,-68.5914,38.28,81,80,5.01
45,Hilo,US,2022-07-17 15:01:38,19.7297,-155.09,82.27,100,43,4.0
46,Lawrenceville,US,2022-07-17 14:58:56,33.9562,-83.988,86.13,74,0,3.96
47,Mega,ET,2022-07-17 15:02:34,4.05,38.3,64.71,54,99,14.97
48,Itoman,JP,2022-07-17 15:02:35,26.1247,127.6694,82.78,94,75,18.41
49,Lebu,CL,2022-07-17 15:02:35,-37.6167,-73.65,50.61,92,100,13.13
50,Hobart,AU,2022-07-17 15:02:36,-42.8794,147.3294,39.06,83,75,20.71
51,Cape Town,ZA,2022-07-17 15:00:55,-33.9258,18.4232,63.27,80,1,10.0
52,Flin Flon,CA,2022-07-17 15:00:19,54.7682,-101.865,72.48,63,1,8.97
53,Mogadishu,SO,2022-07-17 15:00:11,2.0371,45.3438,76.75,79,17,20.54
54,Carnarvon,AU,2022-07-17 15:02:37,-24.8667,113.6333,67.86,80,9,11.36
55,Dekar,BW,2022-07-17 15:02:37,-21.5333,21.9333,68.43,25,0,10.69
56,Cherskiy,RU,2022-07-17 15:02:37,68.75,161.3,32.5,71,45,10.22
57,Ukiah,US,2022-07-17 15:02:38,39.1502,-123.2078,78.44,70,0,0.0
58,Sri Aman,MY,2022-07-17 15:02:38,1.2376,111.4621,75.67,82,96,2.42
59,Sandnessjoen,NO,2022-07-17 15:02:39,66.0217,12.6316,55.92,87,75,11.5
60,Qaanaaq,GL,2022-07-17 15:02:39,77.484,-69.3632,46.11,56,54,5.59
61,Okhotsk,RU,2022-07-17 15:02:39,59.3833,143.3,54.77,95,13,4.09
62,Albany,US,2022-07-17 15:02:40,42.6001,-73.9662,83.62,60,43,1.01
63,Qujing,CN,2022-07-17 15:00:28,25.4833,103.7833,66.87,85,100,5.19
64,Port-Gentil,GA,2022-07-17 15:02:40,-0.7193,8.7815,82.36,65,40,12.66
65,Salalah,OM,2022-07-17 15:00:40,17.0151,54.0924,77.2,93,100,6.67
66,Podporozhye,RU,2022-07-17 15:02:41,60.9112,34.1706,66.47,44,83,6.67
67,Samarai,PG,2022-07-17 15:02:41,-10.6167,150.6667,78.91,84,50,10.02
68,Saint-Philippe,RE,2022-07-17 15:02:42,-21.3585,55.7679,69.39,77,99,17.05
69,Codrington,AU,2022-07-17 15:02:42,-38.2667,141.9667,47.77,69,92,17.72
70,Adrar,MR,2022-07-17 15:02:42,20.5022,-10.0711,112.32,6,12,12.97
71,Rawson,AR,2022-07-17 15:02:43,-43.3002,-65.1023,47.14,48,100,18.54
72,Busselton,AU,2022-07-17 15:02:43,-33.65,115.3333,53.19,92,100,14.72
73,Longyearbyen,SJ,2022-07-17 15:02:43,78.2186,15.6401,49.84,76,75,5.75
74,Sinnamary,GF,2022-07-17 15:02:44,5.3833,-52.95,81.25,77,77,3.98
75,College,US,2022-07-17 15:02:44,64.8569,-147.8028,57.15,77,100,4.61
76,Saskylakh,RU,2022-07-17 15:02:45,71.9167,114.0833,51.67,61,81,8.03
77,Saint-Pierre,RE,2022-07-17 15:02:45,-21.3393,55.4781,70.92,68,0,23.02
78,Qasigiannguit,GL,2022-07-17 15:02:45,68.8193,-51.1922,53.85,62,30,2.95
79,Nome,US,2022-07-17 15:02:46,64.5011,-165.4064,42.87,81,0,5.75
80,Svetlogorsk,BY,2022-07-17 15:02:46,52.6333,29.7333,61.72,78,77,7.63
81,Dhidhdhoo,MV,2022-07-17 15:02:47,6.8833,73.1,82.08,81,43,15.99
82,Chapais,CA,2022-07-17 15:02:47,49.7834,-74.8492,73.15,49,57,8.59
83,Quatre Cocos,MU,2022-07-17 15:02:47,-20.2078,57.7625,69.1,75,36,21.83
84,Chauk,MM,2022-07-17 15:02:48,20.8833,94.8167,87.89,62,85,15.35
85,Zelenoborsk,RU,2022-07-17 15:02:48,61.4669,64.0333,71.4,46,100,3.22
86,Mahajanga,MG,2022-07-17 15:02:49,-15.7167,46.3167,80.98,49,61,11.9
87,Tuktoyaktuk,CA,2022-07-17 15:02:49,69.4541,-133.0374,49.15,96,100,7.45
88,Torbay,CA,2022-07-17 15:00:23,47.6666,-52.7314,74.88,59,64,5.01
89,Jamestown,US,2022-07-17 14:58:51,42.097,-79.2353,78.03,74,75,9.22
90,Ust-Maya,RU,2022-07-17 15:03:50,60.4167,134.5333,68.9,65,0,2.53
91,Lorengau,PG,2022-07-17 15:03:51,-2.0226,147.2712,80.8,82,94,9.6
92,Ingham,US,2022-07-17 15:03:51,42.6,-84.3833,76.23,79,75,6.91
93,Aklavik,CA,2022-07-17 15:03:51,68.2191,-135.0107,58.89,68,26,4.14
94,Sola,VU,2022-07-17 15:03:52,-13.8833,167.55,80.17,77,82,24.96
95,Kaitangata,NZ,2022-07-17 15:03:52,-46.2817,169.8464,43.23,87,98,4.76
96,Waspan,NI,2022-07-17 15:03:53,14.7419,-83.9717,81.12,80,30,5.99
97,Pevek,RU,2022-07-17 15:03:53,69.7008,170.3133,30.87,92,100,32.21
98,Buguda,IN,2022-07-17 15:03:54,19.8167,84.8,78.84,92,39,4.07
99,Tasiilaq,GL,2022-07-17 15:03:54,65.6145,-37.6368,51.96,77,90,5.59
100,Lufilufi,WS,2022-07-17 15:03:54,-13.8745,-171.5986,80.35,77,52,23.94
101,Saldanha,ZA,2022-07-17 15:03:55,-33.0117,17.9442,61.12,81,0,10.02
102,Malino,PH,2022-07-17 15:03:55,15.1257,120.6727,78.04,91,100,3.91
103,Isiro,CD,2022-07-17 15:03:55,2.7739,27.616,83.44,56,44,2.13
104,Juneau,US,2022-07-17 15:03:06,58.3019,-134.4197,55.22,97,100,14.97
105,Eyl,SO,2022-07-17 15:02:20,7.9803,49.8164,87.1,48,80,29.24
106,Leh,IN,2022-07-17 15:03:56,34.1667,77.5833,67.87,39,92,5.44
107,Georgetown,MY,2022-07-17 14:59:54,5.4112,100.3354,85.95,85,20,2.3
108,Ceuta,ES,2022-07-17 15:03:57,35.8903,-5.3075,80.64,75,14,12.57
109,Dunda,TZ,2022-07-17 15:03:57,-8.1167,34.25,73.08,38,33,14.16
110,Nazas,MX,2022-07-17 15:03:58,25.2333,-104.1333,78.48,36,31,5.32
111,Alofi,NU,2022-07-17 15:03:58,-19.0595,-169.9187,77.72,72,29,19.13
112,Bodden Town,KY,2022-07-17 15:03:58,19.2833,-81.25,81.0,78,75,11.5
113,Whitehorse,CA,2022-07-17 15:03:59,60.7161,-135.0538,50.77,76,100,17.27
114,Mandalgovi,MN,2022-07-17 15:03:59,45.7625,106.2708,71.2,28,86,8.39
115,Kuusamo,FI,2022-07-17 15:04:00,65.9667,29.1833,64.44,63,24,12.66
116,Smithers,CA,2022-07-17 15:00:03,54.7804,-127.1743,55.54,73,9,1.99
117,Kodiak,US,2022-07-17 15:04:00,57.79,-152.4072,58.51,67,100,9.22
118,Arraial Do Cabo,BR,2022-07-17 15:04:01,-22.9661,-42.0278,84.06,54,0,8.05
119,Puerto Del Rosario,ES,2022-07-17 15:04:01,28.5004,-13.8627,76.75,73,0,19.57
120,Bhagalpur,IN,2022-07-17 15:04:02,25.25,87.0,90.9,57,48,14.83
121,Stephenville,US,2022-07-17 15:04:02,32.2207,-98.2023,89.73,45,0,8.05
122,Caravelas,BR,2022-07-17 15:04:03,-17.7125,-39.2481,80.38,53,1,8.28
123,Korla,CN,2022-07-17 15:00:30,41.7597,86.1469,82.02,24,16,8.79
124,Puerto Ayora,EC,2022-07-17 15:04:03,-0.7393,-90.3518,75.16,89,63,8.01
125,Mount Gambier,AU,2022-07-17 15:04:04,-37.8333,140.7667,46.24,76,96,10.11
126,Cidreira,BR,2022-07-17 15:04:04,-30.1811,-50.2056,56.26,64,2,16.75
127,Umea,SE,2022-07-17 15:04:05,63.8284,20.2597,59.92,63,0,9.22
128,Sarangani,PH,2022-07-17 15:04:05,5.4033,125.4636,83.08,76,82,13.24
129,Anadyr,RU,2022-07-17 15:04:06,64.75,177.4833,49.23,68,40,28.32
130,New Norfolk,AU,2022-07-17 15:04:06,-42.7826,147.0587,38.7,78,89,1.01
131,Ginir,ET,2022-07-17 15:04:07,7.1333,40.7,65.98,64,47,10.42
132,Tianpeng,CN,2022-07-17 15:05:07,30.9866,103.9393,75.29,80,100,1.83
133,Imeni Poliny Osipenko,RU,2022-07-17 15:05:08,52.4201,136.4853,59.29,93,58,6.78
134,Castro,BR,2022-07-17 15:05:08,-24.7911,-50.0119,65.82,68,100,3.11
135,Araouane,ML,2022-07-17 15:05:09,18.9048,-3.5265,105.1,22,66,10.89
136,Nijar,ES,2022-07-17 15:05:09,36.9665,-2.206,83.66,58,0,12.66
137,Hithadhoo,MV,2022-07-17 15:05:09,-0.6,73.0833,78.37,87,100,24.2
138,Abha,SA,2022-07-17 15:05:10,18.2164,42.5053,75.45,31,40,13.8
139,San Jose,US,2022-07-17 15:05:10,37.3394,-121.895,71.53,80,0,0.0
140,Tignere,CM,2022-07-17 15:05:11,7.3667,12.65,67.3,92,100,2.46
141,Thompson,CA,2022-07-17 15:04:25,55.7435,-97.8558,76.17,59,7,7.43
142,Wukari,NG,2022-07-17 15:05:11,7.85,9.7833,82.65,63,100,3.94
143,Santa Marta,CO,2022-07-17 15:05:12,11.2408,-74.199,84.52,72,91,7.74
144,Ambon,ID,2022-07-17 15:05:12,-3.6954,128.1814,77.23,15,75,4.61
145,Upernavik,GL,2022-07-17 15:05:13,72.7868,-56.1549,41.38,86,88,13.15
146,Vaini,TO,2022-07-17 15:05:13,-21.2,-175.2,73.56,88,20,6.91
147,Bergerac,FR,2022-07-17 15:05:14,44.8333,0.5,101.88,20,0,5.75
148,Sabha,LY,2022-07-17 15:05:14,27.0377,14.4283,96.89,10,0,12.33
149,Taoudenni,ML,2022-07-17 15:05:15,22.6783,-3.9836,114.31,9,53,6.51
150,Trat,TH,2022-07-17 15:05:15,12.5,102.5,84.87,89,100,2.98
151,Port Alfred,ZA,2022-07-17 15:05:15,-33.5906,26.891,78.19,37,4,1.01
152,Laguna,US,2022-07-17 15:05:16,38.421,-121.4238,83.17,60,0,5.75
153,Mar Del Plata,AR,2022-07-17 15:02:57,-38.0023,-57.5575,52.95,48,0,19.57
154,Lavrentiya,RU,2022-07-17 15:05:16,65.5833,-171.0,46.2,94,100,10.13
155,Birzai,LT,2022-07-17 15:05:17,56.2,24.75,63.45,63,100,11.56
156,Rozhyshche,UA,2022-07-17 15:05:17,50.9154,25.2691,62.13,67,58,14.38
157,Saint Anthony,US,2022-07-17 15:05:18,45.0205,-93.218,82.94,69,0,6.91
158,Oussouye,SN,2022-07-17 15:05:18,12.485,-16.5469,88.16,58,49,11.95
159,Asfi,MA,2022-07-17 15:05:18,32.2994,-9.2372,74.59,74,22,18.05
160,Smirnykh,RU,2022-07-17 15:05:19,49.75,142.8333,52.93,98,100,1.28
161,Belmonte,BR,2022-07-17 15:05:19,-15.8631,-38.8828,79.29,61,34,6.78
162,Kahului,US,2022-07-17 15:03:47,20.8947,-156.47,76.84,84,0,20.71
163,Alamogordo,US,2022-07-17 15:00:24,32.8995,-105.9603,84.0,31,0,4.61
164,Ixtapa,MX,2022-07-17 15:05:20,20.7,-105.2,79.23,94,100,2.3
165,Severodvinsk,RU,2022-07-17 15:05:20,64.5635,39.8302,68.11,59,97,4.72
166,Asosa,ET,2022-07-17 15:05:21,10.0667,34.5333,65.71,91,100,1.52
167,Dikson,RU,2022-07-17 15:05:21,73.5069,80.5464,46.49,76,46,8.97
168,Nikolskoye,RU,2022-07-17 15:05:21,59.7035,30.7861,64.87,78,96,9.28
169,Paamiut,GL,2022-07-17 15:05:22,61.994,-49.6678,42.12,89,100,8.81
170,Sompeta,IN,2022-07-17 15:05:22,18.9333,84.6,78.62,93,100,12.91
171,Bambanglipuro,ID,2022-07-17 15:05:23,-7.95,110.2833,76.51,85,100,7.02
172,Leningradskiy,RU,2022-07-17 15:05:23,69.3833,178.4167,30.42,82,91,22.59
173,Sechura,PE,2022-07-17 15:05:23,-5.5569,-80.8222,68.83,66,6,11.52
174,Pingliang,CN,2022-07-17 15:05:24,35.5392,106.6861,71.46,43,91,5.73
175,Asyut,EG,2022-07-17 15:05:24,27.181,31.1837,99.81,13,3,17.52
176,Bandarbeyla,SO,2022-07-17 15:05:25,9.4942,50.8122,82.78,59,26,33.6
177,Touros,BR,2022-07-17 15:05:25,-5.1989,-35.4608,82.96,67,58,17.52
178,Port Lincoln,AU,2022-07-17 15:05:25,-34.7333,135.8667,52.57,66,99,10.16
179,Port Blair,IN,2022-07-17 15:05:47,11.6667,92.75,81.84,84,100,11.03
180,Vostok,RU,2022-07-17 15:06:26,46.4856,135.8833,54.07,97,92,3.91
181,East London,ZA,2022-07-17 15:01:36,-33.0153,27.9116,74.95,43,16,10.02
182,Hofn,IS,2022-07-17 15:03:12,64.2539,-15.2082,60.82,67,75,12.66
183,Atambua,ID,2022-07-17 15:06:27,-9.1061,124.8925,68.14,85,23,5.12
184,Kirakira,SB,2022-07-17 15:06:27,-10.4544,161.9205,78.94,80,23,11.27
185,Dawei,MM,2022-07-17 15:06:28,14.0833,98.2,78.33,89,43,2.33
186,Pangnirtung,CA,2022-07-17 15:06:28,66.1451,-65.7125,49.71,65,56,3.47
187,Arman,RU,2022-07-17 15:06:28,59.7,150.1667,53.58,95,11,3.65
188,Kilindoni,TZ,2022-07-17 15:06:29,-7.9139,39.6668,76.64,74,65,19.35
189,Celestun,MX,2022-07-17 15:06:29,20.8667,-90.4,84.51,61,13,4.56
190,Raton,US,2022-07-17 15:06:29,36.9034,-104.4391,74.01,57,0,3.44
191,Kupang,ID,2022-07-17 15:06:30,-10.1667,123.5833,72.91,78,0,9.57
192,Orange Cove,US,2022-07-17 15:06:30,36.6244,-119.3137,94.6,51,0,4.61
193,Worthington,US,2022-07-17 15:06:31,40.0931,-83.018,71.17,97,100,1.01
194,Salta,AR,2022-07-17 15:06:31,-24.7859,-65.4117,52.57,52,0,4.0
195,Shingu,JP,2022-07-17 15:06:31,33.7333,135.9833,75.06,87,100,5.35
196,Kurilsk,RU,2022-07-17 15:06:32,45.2333,147.8833,56.28,97,100,18.88
197,Ilebo,CD,2022-07-17 15:06:32,-4.3167,20.5833,85.75,42,100,2.3
198,Tutoia,BR,2022-07-17 15:06:33,-2.7619,-42.2744,86.86,56,5,7.61
199,Svetlyy,RU,2022-07-17 15:06:33,54.675,20.1347,66.96,66,80,13.24
200,Venado Tuerto,AR,2022-07-17 15:06:33,-33.7456,-61.9688,50.77,38,1,16.46
201,Svetlaya,RU,2022-07-17 15:06:34,46.5389,138.3297,58.3,91,100,12.68
202,Tarauaca,BR,2022-07-17 15:06:34,-8.1614,-70.7656,81.68,82,55,2.3
203,Porto Novo,BJ,2022-07-17 15:06:35,6.4965,2.6036,82.76,64,55,11.12
204,Vulcan,RO,2022-07-17 15:06:35,45.3833,23.2667,72.07,24,0,11.74
205,Port Arthur,CN,2022-07-17 15:06:35,38.8,121.2667,79.02,55,1,4.99
206,Sertanopolis,BR,2022-07-17 15:02:31,-23.0586,-51.0364,75.76,56,100,4.27
207,Xichang,CN,2022-07-17 15:06:36,27.8964,102.2634,72.12,85,98,2.37
208,Tuy Hoa,VN,2022-07-17 15:06:36,13.0833,109.3,81.05,83,100,5.73
209,Minudasht,IR,2022-07-17 15:06:37,37.2289,55.3747,96.3,32,0,12.71
210,Marrakesh,MA,2022-07-17 15:06:37,31.6315,-8.0083,100.47,28,40,6.91
211,Monywa,MM,2022-07-17 15:06:38,22.1167,95.1333,93.74,46,100,16.84
212,Port Hawkesbury,CA,2022-07-17 15:06:38,45.6169,-61.3485,80.89,50,100,13.0
213,Katsuura,JP,2022-07-17 15:06:38,35.1333,140.3,77.2,91,32,17.05
214,Ucluelet,CA,2022-07-17 15:06:39,48.9329,-125.5528,58.08,91,81,1.9
215,Santa Barbara,US,2022-07-17 15:06:39,34.7333,-120.0343,78.35,27,0,1.99
216,Olafsvik,IS,2022-07-17 15:06:40,64.8945,-23.7142,51.17,82,79,3.62
217,Moron,AR,2022-07-17 15:06:40,-34.6534,-58.6198,54.97,60,0,10.47
218,Ordu,TR,2022-07-17 15:05:14,40.9086,37.6845,64.9,83,48,5.79
219,Barrow,US,2022-07-17 15:04:17,71.2906,-156.7887,35.62,93,100,17.27
220,Guayaramerin,BO,2022-07-17 15:06:41,-10.8368,-65.3614,94.17,42,32,0.76
221,Chicama,PE,2022-07-17 15:06:41,-7.8447,-79.1469,59.54,67,37,6.55
222,Kavaratti,IN,2022-07-17 15:06:42,10.5669,72.642,82.38,81,99,17.36
223,Fairbanks,US,2022-07-17 15:05:33,64.8378,-147.7164,57.16,78,75,4.61
224,Bani,DO,2022-07-17 15:06:42,18.2833,-70.3333,86.86,60,4,15.55
225,Lokoja,NG,2022-07-17 15:07:43,7.8024,6.743,82.98,68,100,6.11
226,Storm Lake,US,2022-07-17 15:07:43,42.6411,-95.2097,76.35,83,0,8.05
227,Miramar,US,2022-07-17 15:07:43,25.9873,-80.2323,87.03,80,20,11.5
228,Constitucion,CL,2022-07-17 15:03:24,-35.3333,-72.4167,49.5,85,100,12.19
229,Selfoss,IS,2022-07-17 15:07:44,63.9331,-20.9971,56.62,71,76,7.09
230,Altay,CN,2022-07-17 15:07:44,47.8667,88.1167,68.18,48,51,2.89
231,Norman Wells,CA,2022-07-17 15:07:45,65.282,-126.8329,59.56,86,98,0.85
232,Butaritari,KI,2022-07-17 15:07:45,3.0707,172.7902,82.17,71,100,9.62
233,Vila Franca Do Campo,PT,2022-07-17 15:07:46,37.7167,-25.4333,70.21,68,55,6.51
234,Catuday,PH,2022-07-17 15:07:46,16.2923,119.8062,79.61,85,100,4.52
235,Am Timan,TD,2022-07-17 15:07:46,11.0297,20.2827,81.12,69,97,7.34
236,Acari,PE,2022-07-17 15:07:47,-15.4311,-74.6158,68.97,59,54,6.31
237,Diego De Almagro,CL,2022-07-17 15:07:47,-26.3667,-70.05,65.17,11,0,3.87
238,Bauchi,NG,2022-07-17 15:07:48,10.5,10.0,70.39,93,100,2.42
239,Myitkyina,MM,2022-07-17 15:07:48,25.3833,97.4,77.85,95,32,0.94
240,Kristianstad,SE,2022-07-17 15:07:48,56.0313,14.1524,70.95,49,40,14.97
241,Amahai,ID,2022-07-17 15:07:49,-3.3333,128.9167,77.18,90,99,8.77
242,Berlevag,NO,2022-07-17 15:04:47,70.8578,29.0864,58.95,67,100,6.91
243,Rafaela,AR,2022-07-17 15:07:49,-31.2503,-61.4867,57.0,46,0,3.0
244,Auki,SB,2022-07-17 15:07:50,-8.7676,160.7034,76.71,86,28,3.65
245,Souillac,MU,2022-07-17 15:07:50,-20.5167,57.5167,69.01,78,34,20.62
246,Inta,RU,2022-07-17 15:07:50,66.0317,60.1659,72.7,63,69,10.63
247,Hit,IQ,2022-07-17 15:07:51,33.6416,42.8251,107.26,10,0,15.52
248,Port Macquarie,AU,2022-07-17 15:07:51,-31.4333,152.9167,52.9,76,37,7.81
249,Buraydah,SA,2022-07-17 15:07:52,26.326,43.975,104.38,7,92,7.54
250,Haines Junction,CA,2022-07-17 15:07:52,60.7522,-137.5108,49.73,82,100,6.51
251,Klaksvik,FO,2022-07-17 15:07:52,62.2266,-6.589,50.92,86,74,23.49
252,Kedrovyy,RU,2022-07-17 15:07:53,56.1667,91.8167,64.87,88,88,5.28
253,Sabang,ID,2022-07-17 15:07:53,5.8933,95.3214,83.08,72,60,5.37
254,Ilulissat,GL,2022-07-17 15:07:53,69.2167,-51.1,53.62,47,20,4.61
255,Talnakh,RU,2022-07-17 15:07:54,69.4865,88.3972,65.21,52,100,3.36
256,Fukue,JP,2022-07-17 15:07:54,32.6881,128.8419,79.61,83,100,11.72
257,Norrtalje,SE,2022-07-17 15:07:55,59.758,18.705,68.43,43,87,2.98
258,Tual,ID,2022-07-17 15:07:55,-5.6667,132.75,78.94,80,98,22.08
259,High Level,CA,2022-07-17 15:07:56,58.5169,-117.136,57.31,100,40,2.3
260,Mabaruma,GY,2022-07-17 15:07:56,8.2,-59.7833,86.49,64,18,3.78
261,Belyy Yar,RU,2022-07-17 15:07:56,53.6039,91.3903,69.69,68,0,17.9
262,Itacoatiara,BR,2022-07-17 15:07:57,-3.1431,-58.4442,91.44,47,43,4.56
263,Meulaboh,ID,2022-07-17 15:07:57,4.1363,96.1285,79.36,81,91,1.83
264,Deniliquin,AU,2022-07-17 15:07:58,-35.5333,144.9667,40.98,95,4,8.43
265,Morag,PL,2022-07-17 15:07:58,53.9171,19.926,66.99,52,74,8.01
266,Mahibadhoo,MV,2022-07-17 15:07:58,3.7833,72.9667,82.74,78,100,17.05
267,Jimenez,MX,2022-07-17 15:04:15,28.3333,-105.4,84.42,34,62,6.46
268,Bud,US,2022-07-17 15:07:59,39.447,-86.1758,75.22,94,100,13.33
269,Muros,ES,2022-07-17 15:07:59,42.7762,-9.0603,76.08,65,52,4.76
270,Norwood,US,2022-07-17 15:08:00,42.1945,-71.1995,87.71,61,0,5.75
271,Wexford,IE,2022-07-17 15:08:00,52.3342,-6.4575,75.22,71,85,12.41
272,Isfana,KG,2022-07-17 15:08:00,39.8386,69.5306,81.16,24,0,1.81
273,Coihaique,CL,2022-07-17 15:09:01,-45.5752,-72.0662,39.15,75,75,5.75
274,Victoria,HK,2022-07-17 15:09:01,22.2855,114.1577,87.85,83,100,11.99
275,Cabedelo,BR,2022-07-17 15:09:02,-6.9811,-34.8339,81.27,80,47,18.72
276,Acapulco,MX,2022-07-17 15:09:02,16.8634,-99.8901,80.42,78,40,5.75
277,Coahuayana,MX,2022-07-17 15:09:02,18.7333,-103.6833,78.58,81,99,2.77
278,Santa Cruz,BO,2022-07-17 15:09:03,-17.8,-63.1667,57.25,72,75,13.8
279,San Carlos De Bariloche,AR,2022-07-17 15:09:03,-41.1456,-71.3082,35.35,87,75,19.57
280,Piacabucu,BR,2022-07-17 15:09:04,-10.4056,-36.4344,79.52,59,12,11.21
281,Tuatapere,NZ,2022-07-17 15:09:04,-46.1333,167.6833,55.62,62,59,14.41
282,Valparaiso,CL,2022-07-17 15:04:56,-33.0393,-71.6273,55.04,71,0,9.22
283,Saint George,US,2022-07-17 15:04:45,37.1041,-113.5841,92.79,28,0,5.75
284,Bairiki,KI,2022-07-17 15:09:05,1.3292,172.9752,78.8,78,75,4.61
285,Ancud,CL,2022-07-17 15:09:05,-41.8697,-73.8203,45.23,80,42,14.67
286,Bambous Virieux,MU,2022-07-17 15:09:06,-20.3428,57.7575,69.22,75,38,22.24
287,Evansville,US,2022-07-17 15:07:29,37.9748,-87.5558,76.19,92,100,6.91
288,Bengkulu,ID,2022-07-17 15:09:06,-3.8004,102.2655,78.26,87,72,4.56
289,Huilong,CN,2022-07-17 15:09:07,31.8111,121.655,82.92,95,100,13.4
290,Mentakab,MY,2022-07-17 15:09:07,3.4865,102.3516,79.72,83,92,1.01
291,Santiago De Cao,PE,2022-07-17 15:09:08,-7.9589,-79.2392,60.93,82,100,6.91
292,Dayong,CN,2022-07-17 15:09:08,25.0209,118.2898,81.55,92,100,1.66
293,Seymchan,RU,2022-07-17 15:09:09,62.8833,152.4333,55.58,92,100,10.51
294,Moses Lake,US,2022-07-17 15:09:09,47.1301,-119.2781,70.48,48,0,9.22
295,Shelburne,CA,2022-07-17 15:09:09,44.0787,-80.2041,80.24,51,44,7.7
296,Tucuman,AR,2022-07-17 15:09:10,-26.8241,-65.2226,57.2,38,0,3.44
297,Provideniya,RU,2022-07-17 15:09:10,64.3833,-173.3,49.66,98,100,6.08
298,Vavoua,CI,2022-07-17 15:09:11,7.3819,-6.4778,82.58,61,95,6.24
299,Inirida,CO,2022-07-17 15:09:11,3.8653,-67.9239,86.85,63,26,3.51
300,Flinders,AU,2022-07-17 15:09:12,-34.5833,150.8552,57.18,63,30,8.01
301,Walvis Bay,NA,2022-07-17 15:09:12,-22.9575,14.5053,75.09,28,3,8.03
302,Teresina,BR,2022-07-17 15:09:12,-5.0892,-42.8019,89.31,48,0,6.91
303,Ranfurly,NZ,2022-07-17 15:09:13,-45.1333,170.1,47.1,85,41,16.08
304,Ribeira Grande,PT,2022-07-17 15:09:13,38.5167,-28.7,77.4,69,40,8.05
305,Itarema,BR,2022-07-17 15:09:14,-2.9248,-39.9167,87.91,55,29,15.26
306,Ayan,RU,2022-07-17 15:09:14,56.45,138.1667,57.52,95,100,10.27
307,Sangar,RU,2022-07-17 15:09:14,63.9242,127.4739,67.51,96,100,3.62
308,Omboue,GA,2022-07-17 15:09:15,-1.5746,9.2618,77.92,65,10,11.36
309,Geraldton,AU,2022-07-17 15:09:15,-28.7667,114.6,57.61,94,75,9.22
310,Rocha,UY,2022-07-17 15:09:16,-34.4833,-54.3333,50.58,54,1,15.86
311,Los Llanos De Aridane,ES,2022-07-17 15:09:16,28.6585,-17.9182,74.95,80,20,9.22
312,Gillette,US,2022-07-17 15:09:17,44.2911,-105.5022,82.11,36,0,8.05
313,Key Largo,US,2022-07-17 15:07:12,25.0865,-80.4473,88.0,72,60,14.43
314,Sabzevar,IR,2022-07-17 15:09:17,36.2126,57.6819,94.12,9,0,24.38
315,Jacksonville,US,2022-07-17 15:05:06,30.3322,-81.6556,89.04,73,40,6.91
316,Mpanda,TZ,2022-07-17 15:09:18,-6.3655,31.0409,81.48,29,66,8.68
317,Pimenta Bueno,BR,2022-07-17 15:10:18,-11.6725,-61.1936,92.35,35,12,4.97
318,Fort Nelson,CA,2022-07-17 15:10:19,58.8053,-122.7002,65.26,60,36,1.28
319,San Cristobal,VE,2022-07-17 15:08:06,7.7669,-72.225,80.78,84,100,5.73
320,San Patricio,US,2022-07-17 15:10:19,28.017,-97.5169,89.47,57,66,8.48
321,Jumla,NP,2022-07-17 15:10:20,29.2747,82.1838,65.21,94,68,1.88
322,Naze,JP,2022-07-17 15:10:20,28.3667,129.4833,80.37,83,100,13.58
323,Brokopondo,SR,2022-07-17 15:10:21,4.75,-55.1667,82.87,71,29,1.99
324,Tabora,TZ,2022-07-17 15:10:21,-5.0167,32.8,83.28,25,16,5.3
325,Esmeralda,CU,2022-07-17 15:10:21,21.8525,-78.1169,86.27,65,37,8.52
326,Namatanai,PG,2022-07-17 15:10:22,-3.6667,152.4333,79.48,80,31,9.19
327,Brits,ZA,2022-07-17 15:10:22,-25.6347,27.7802,67.28,30,0,3.69
328,Gazanjyk,TM,2022-07-17 15:10:23,39.2446,55.5154,106.97,8,0,10.22
329,Huntsville,US,2022-07-17 15:10:15,34.7304,-86.5861,88.34,65,0,6.91
330,Yar-Sale,RU,2022-07-17 15:10:23,66.8333,70.8333,66.94,57,69,3.49
331,Petropavlovsk-Kamchatskiy,RU,2022-07-17 15:10:24,53.0452,158.6483,51.78,100,56,1.97
332,Portland,US,2022-07-17 15:08:07,45.5234,-122.6762,62.64,70,75,6.91
333,Hasaki,JP,2022-07-17 15:10:24,35.7333,140.8333,77.29,94,42,10.74
334,Ketchikan,US,2022-07-17 15:10:25,55.3422,-131.6461,55.87,94,100,3.44
335,Ruston,US,2022-07-17 15:06:58,32.5232,-92.6379,87.62,55,0,6.91
336,Charlestown,AU,2022-07-17 15:10:25,-32.95,151.6667,57.02,73,0,5.01
337,Tambun,ID,2022-07-17 15:10:26,-6.2641,107.0712,80.49,86,98,4.52
338,Saint-Joseph,RE,2022-07-17 15:10:26,-21.3667,55.6167,68.38,76,71,17.9
339,Peniche,PT,2022-07-17 15:10:26,39.3558,-9.3811,85.08,76,4,11.34
340,Swellendam,ZA,2022-07-17 15:10:27,-34.0226,20.4417,71.24,45,0,0.81
341,Glendive,US,2022-07-17 15:10:27,47.1053,-104.7125,82.02,57,0,9.22
342,Kruisfontein,ZA,2022-07-17 15:10:28,-34.0033,24.7314,78.89,22,2,13.33
343,Carballo,ES,2022-07-17 15:10:28,43.213,-8.691,89.02,66,6,3.13
344,Beitbridge,ZW,2022-07-17 15:10:28,-22.2167,30.0,69.17,49,68,12.41
345,Chimbote,PE,2022-07-17 15:10:29,-9.0853,-78.5783,64.33,75,76,6.29
346,Buala,SB,2022-07-17 15:10:29,-8.145,159.5921,79.32,79,70,8.19
347,Buarcos,PT,2022-07-17 15:10:30,40.166,-8.8768,91.24,69,39,10.04
348,Rio Grande,BR,2022-07-17 15:08:52,-32.035,-52.0986,55.51,66,5,16.53
349,De Aar,ZA,2022-07-17 15:10:30,-30.6497,24.0123,63.41,28,2,13.65
350,Dingle,PH,2022-07-17 15:10:31,10.9995,122.6711,75.54,95,100,2.21
351,Richards Bay,ZA,2022-07-17 15:10:31,-28.783,32.0377,70.25,61,0,12.93
352,Mahebourg,MU,2022-07-17 15:10:31,-20.4081,57.7,69.26,76,34,22.28
353,Husavik,IS,2022-07-17 15:10:32,66.0449,-17.3389,46.8,95,100,12.55
354,Syracuse,IT,2022-07-17 15:10:30,37.0881,15.2792,91.31,56,0,8.28
355,Ongandjera,NA,2022-07-17 15:10:32,-17.8833,15.0667,76.59,20,0,10.13
356,Sorland,NO,2022-07-17 15:10:33,67.667,12.6934,53.46,79,95,9.66
357,Sao Felix Do Xingu,BR,2022-07-17 15:10:33,-6.6447,-51.995,93.94,26,6,5.39
358,Puerto Madryn,AR,2022-07-17 15:06:11,-42.7692,-65.0385,49.44,48,91,17.9
359,Prince Rupert,CA,2022-07-17 15:09:48,54.3161,-130.3201,53.8,88,100,1.66
360,Veraval,IN,2022-07-17 15:10:34,20.9,70.3667,81.36,87,54,17.31
361,Padampur,IN,2022-07-17 15:10:34,29.6833,73.6167,88.39,64,82,6.71
362,Mubende,UG,2022-07-17 15:10:35,0.5606,31.39,77.94,44,89,4.99
363,Nagtipunan,PH,2022-07-17 15:10:35,16.2167,121.6,74.41,97,78,1.36
364,Coos Bay,US,2022-07-17 15:09:08,43.3665,-124.2179,63.32,95,100,4.61
365,Eydhafushi,MV,2022-07-17 15:11:36,5.1033,73.0708,82.38,79,100,15.57
366,Ternate,ID,2022-07-17 15:11:36,0.8,127.4,80.56,79,100,7.67
367,Verkh-Usugli,RU,2022-07-17 15:11:36,52.7,115.1667,55.65,96,99,2.68
368,Avera,US,2022-07-17 15:11:37,33.194,-82.5271,84.9,58,0,2.13
369,Marion,US,2022-07-17 15:11:37,39.7684,-86.1555,75.7,93,100,13.8
370,Orlik,RU,2022-07-17 15:11:38,52.5178,99.825,52.86,70,27,2.8
371,Kita,ML,2022-07-17 15:11:38,13.0349,-9.4895,91.65,48,65,4.16
372,Vrangel,RU,2022-07-17 15:11:39,42.7297,133.0839,62.44,94,100,14.36
373,Buchmany,UA,2022-07-17 15:11:39,51.0689,28.0421,57.79,84,84,12.97
374,Vanimo,PG,2022-07-17 15:11:39,-2.6741,141.3028,75.85,89,100,2.51
375,Waverly,US,2022-07-17 15:11:40,42.7392,-84.6208,76.95,77,100,8.05
376,Derzhavinsk,KZ,2022-07-17 15:11:40,51.1,66.3167,78.15,49,50,11.01
377,Ekhabi,RU,2022-07-17 15:11:41,53.5102,142.9671,51.89,91,100,14.88
378,Carroll,US,2022-07-17 15:11:41,39.5501,-77.0164,81.82,81,100,3.44
379,Port Hardy,CA,2022-07-17 15:11:41,50.6996,-127.4199,54.55,91,59,7.87
380,Tchollire,CM,2022-07-17 15:11:42,8.4022,14.1698,75.67,83,98,3.33
381,Margate,GB,2022-07-17 15:11:42,51.3813,1.3862,81.1,55,93,1.01
382,Devils Lake,US,2022-07-17 15:10:26,48.1128,-98.8651,80.58,75,0,8.05
383,Dunedin,NZ,2022-07-17 15:11:43,-45.8742,170.5036,51.53,69,100,11.05
384,Frutal,BR,2022-07-17 15:11:43,-20.0247,-48.9406,85.91,27,56,6.31
385,Sur,OM,2022-07-17 15:11:44,22.5667,59.5289,88.83,61,100,6.26
386,Labuhan,ID,2022-07-17 15:11:44,-6.8844,112.2051,78.84,83,100,7.49
387,Mapiripan,CO,2022-07-17 15:11:44,2.8892,-72.1256,80.65,82,74,1.5
388,Kalianget,ID,2022-07-17 15:11:45,-7.05,113.9333,79.83,77,23,11.72
389,Moerai,PF,2022-07-17 15:11:45,-22.4333,-151.3333,72.61,62,93,20.09
390,Puksoozero,RU,2022-07-17 15:11:46,62.5903,40.6066,63.79,64,100,1.5
391,Miguel Auza,MX,2022-07-17 15:11:46,24.2933,-103.4503,66.69,53,31,9.6
392,Belle Fourche,US,2022-07-17 15:08:48,44.6714,-103.8522,89.55,40,0,3.91
393,Wau,SS,2022-07-17 15:11:46,7.7029,27.9953,88.72,51,52,2.37
394,Deputatskiy,RU,2022-07-17 15:11:47,69.3,139.9,40.53,79,91,1.74
395,Jalu,LY,2022-07-17 15:11:47,29.0331,21.5482,98.74,15,0,14.76
396,Lugovoy,KZ,2022-07-17 15:11:48,42.9472,72.7644,85.21,16,0,6.73
397,Menongue,AO,2022-07-17 15:11:48,-14.6585,17.691,77.36,17,1,8.01
398,Parfino,RU,2022-07-17 15:11:49,57.9731,31.6481,64.04,68,94,4.09
399,Kulhudhuffushi,MV,2022-07-17 15:11:49,6.6221,73.07,81.93,80,61,15.61
400,Sungaipenuh,ID,2022-07-17 15:11:49,-2.0833,101.3833,65.19,94,81,2.75
401,Muroto,JP,2022-07-17 15:11:50,33.2833,134.15,78.93,82,100,9.64
402,Mlowo,TZ,2022-07-17 15:11:50,-9.0,32.9833,65.1,52,100,8.55
403,Capitan Bado,PY,2022-07-17 15:11:51,-23.2667,-55.5333,56.37,56,100,6.26
404,Luderitz,NA,2022-07-17 15:11:51,-26.6481,15.1594,68.38,46,11,4.54
405,San Policarpo,PH,2022-07-17 15:11:51,12.1791,125.5072,80.29,83,100,1.66
406,Necochea,AR,2022-07-17 15:11:52,-38.5473,-58.7368,50.29,42,4,20.8
407,Bouloupari,NC,2022-07-17 15:11:52,-21.8667,166.05,62.51,83,18,2.84
408,Steamboat Springs,US,2022-07-17 15:09:06,40.485,-106.8317,74.7,52,0,0.0
409,Leshukonskoye,RU,2022-07-17 15:11:53,64.8989,45.7622,70.11,49,100,3.13
410,Ballina,AU,2022-07-17 15:12:53,-28.8667,153.5667,59.77,71,53,10.36
411,Ampanihy,MG,2022-07-17 15:12:54,-24.7,44.75,74.12,42,99,11.21
412,Khon Buri,TH,2022-07-17 15:12:54,14.5254,102.2459,82.53,86,60,5.57
413,Nabire,ID,2022-07-17 15:12:55,-3.3667,135.4833,74.79,94,100,1.14
414,Liseleje,DK,2022-07-17 15:12:55,56.0053,11.9483,71.17,68,56,10.0
415,Ningxiang,CN,2022-07-17 15:12:12,37.34,111.2052,68.58,48,85,2.53
416,Nago,JP,2022-07-17 15:12:56,26.5881,127.9761,83.25,88,100,15.97
417,Hualmay,PE,2022-07-17 15:12:56,-11.0964,-77.6139,63.57,75,44,6.17
418,Hirado,JP,2022-07-17 15:12:56,33.3597,129.5531,78.39,87,100,13.38
419,Gobabis,NA,2022-07-17 15:12:57,-22.45,18.9667,68.29,21,0,12.59
420,Sorong,ID,2022-07-17 15:12:57,-0.8833,131.25,76.6,89,100,7.94
421,Mizan Teferi,ET,2022-07-17 15:12:57,6.9833,35.5833,64.45,96,100,1.23
422,Kokopo,PG,2022-07-17 15:12:58,-4.352,152.2633,77.2,81,99,4.76
423,Pandan,PH,2022-07-17 15:12:58,14.0453,124.1694,81.16,81,76,1.05
424,Elko,US,2022-07-17 15:12:59,41.0002,-115.5012,77.65,25,3,1.01
425,Show Low,US,2022-07-17 15:12:59,34.2542,-110.0298,81.01,33,0,3.44
426,Port Hedland,AU,2022-07-17 15:12:59,-20.3167,118.5667,57.25,72,0,2.3
427,Fort Morgan,US,2022-07-17 15:10:43,40.2503,-103.8,81.82,73,0,4.61
428,Ekibastuz,KZ,2022-07-17 15:13:00,51.6667,75.3667,73.35,41,40,19.19
429,San Quintin,MX,2022-07-17 15:13:00,30.4833,-115.95,68.9,82,26,4.21
430,Ligayan,PH,2022-07-17 15:13:01,4.6533,119.4706,83.1,69,100,6.29
431,Pyaozerskiy,RU,2022-07-17 15:13:01,65.8333,31.1667,62.8,72,36,9.62
432,Khrebtovaya,RU,2022-07-17 15:13:02,56.7032,104.2494,51.04,92,8,1.88
433,Soloneshnoye,RU,2022-07-17 15:13:02,51.6544,84.3197,62.51,97,100,4.32
434,Yulara,AU,2022-07-17 15:13:02,-25.2406,130.9889,54.82,19,23,6.6
435,Sisimiut,GL,2022-07-17 15:13:03,66.9395,-53.6735,45.36,79,94,5.66
436,Lumeje,AO,2022-07-17 15:13:03,-11.55,20.7833,79.47,22,6,6.55
437,Pimentel,PE,2022-07-17 15:13:04,-6.8367,-79.9342,66.49,68,20,11.5
438,Mount Isa,AU,2022-07-17 15:13:04,-20.7333,139.5,51.57,76,0,2.3
439,Kuchera,IN,2022-07-17 15:13:05,26.9839,73.9719,92.34,52,98,0.83
440,Sokoto,NG,2022-07-17 15:13:05,13.0609,5.239,84.47,58,84,11.92
441,Lata,PT,2022-07-17 15:13:05,40.1629,-8.3327,89.49,45,38,10.71
442,Asau,RO,2022-07-17 15:13:06,46.4333,26.4,72.52,32,41,9.8
443,Lazaro Cardenas,MX,2022-07-17 15:13:06,17.9583,-102.2,80.78,76,81,3.8
444,Rudbar,AF,2022-07-17 15:13:07,30.15,62.6,103.23,7,0,4.25
445,Ulladulla,AU,2022-07-17 15:13:07,-35.35,150.4667,53.37,66,61,9.86
446,Migori,KE,2022-07-17 15:13:08,-1.0634,34.4731,71.94,58,55,9.33
447,Shihezi,CN,2022-07-17 15:13:08,44.3,86.0333,84.24,23,92,11.16
448,Isangel,VU,2022-07-17 15:13:09,-19.55,169.2667,73.22,85,67,14.9
449,Neryungri,RU,2022-07-17 15:13:09,56.6709,124.6491,62.42,88,0,2.01
450,Tigzirt,DZ,2022-07-17 15:13:10,36.8886,4.1198,88.68,50,0,14.47
451,Ishinomaki,JP,2022-07-17 15:13:10,38.4167,141.3,71.38,94,4,4.97
452,Priargunsk,RU,2022-07-17 15:13:10,50.3691,119.1012,63.95,91,92,3.49
453,Bathsheba,BB,2022-07-17 15:13:11,13.2167,-59.5167,86.61,83,40,25.32
454,Kommunisticheskiy,RU,2022-07-17 15:13:11,61.6789,64.4819,71.11,44,100,2.19
455,Gold Coast,AU,2022-07-17 15:13:12,-28.0,153.4333,62.17,92,100,4.61
456,San Antonio,US,2022-07-17 15:10:21,29.4241,-98.4936,88.11,60,0,10.36
457,Solnechnyy,RU,2022-07-17 15:13:12,50.7214,136.6319,60.76,67,83,2.82
458,Pangai,TO,2022-07-17 15:13:13,-19.8,-174.35,76.75,73,26,23.15
459,Talaya,RU,2022-07-17 15:14:13,61.3833,152.75,62.55,94,78,5.1
460,Brejo Da Madre De Deus,BR,2022-07-17 15:14:13,-8.1458,-36.3711,76.71,63,75,13.85
461,Manzanillo,CU,2022-07-17 15:14:14,20.3433,-77.1167,84.92,66,6,3.62
462,Pacora,PA,2022-07-17 15:14:14,9.0833,-79.2833,87.21,79,40,3.44
463,Beringovskiy,RU,2022-07-17 15:14:15,63.05,179.3167,56.61,81,100,19.33
464,Markova,UA,2022-07-17 15:14:15,48.6758,24.4138,63.88,46,98,10.0
465,Usinsk,RU,2022-07-17 15:14:15,65.9939,57.5281,64.62,85,100,3.02
466,Simbahan,PH,2022-07-17 15:14:16,6.3032,120.5836,83.75,72,100,7.85
467,Kemijarvi,FI,2022-07-17 15:14:16,66.7131,27.4306,64.2,57,98,1.88
468,Parys,FR,2022-07-17 15:11:29,48.8534,2.3488,92.37,24,0,10.36
469,Lompoc,US,2022-07-17 15:14:17,34.6391,-120.4579,57.61,96,100,3.44
470,Mporokoso,ZM,2022-07-17 15:14:17,-9.3727,30.125,74.43,30,68,8.86
471,Oranjemund,NA,2022-07-17 15:14:18,-28.55,16.4333,66.61,51,9,6.78
472,Naica,MX,2022-07-17 15:14:18,27.85,-105.4833,80.55,38,73,11.25
473,Freeport,US,2022-07-17 15:14:18,40.6576,-73.5832,83.98,62,20,9.22
474,Lingao,CN,2022-07-17 15:14:19,19.9103,109.6859,84.49,80,97,4.0
475,Alta Floresta,BR,2022-07-17 15:14:19,-9.8756,-56.0861,93.74,23,1,7.78
476,Havoysund,NO,2022-07-17 15:14:20,70.9963,24.6622,53.83,92,100,18.54
477,Yegorlykskaya,RU,2022-07-17 15:14:20,46.5656,40.6562,94.19,34,78,11.45
478,Reinosa,ES,2022-07-17 15:12:33,42.9996,-4.138,97.23,17,64,0.65
479,Kidal,ML,2022-07-17 15:14:21,18.4411,1.4078,97.88,28,88,8.75
480,Rochegda,RU,2022-07-17 15:14:21,62.8,43.25,66.38,64,100,2.91
481,Santa Fe,AR,2022-07-17 15:13:15,-31.6333,-60.7,54.01,58,0,8.99
482,Xifeng,CN,2022-07-17 15:14:22,42.7372,124.7222,66.2,96,88,4.72
483,Almaznyy,RU,2022-07-17 15:14:22,48.0448,40.045,87.67,26,64,11.27
484,Arroyo,ES,2022-07-17 15:14:22,41.6096,-4.7969,104.07,13,20,11.5
485,Pontes E Lacerda,BR,2022-07-17 15:13:49,-15.2261,-59.3353,74.59,57,85,7.31
486,Aljezur,PT,2022-07-17 15:14:23,37.3191,-8.8033,77.97,62,27,10.02
487,Hami,CN,2022-07-17 15:14:23,42.8,93.45,85.68,23,15,2.13
488,Sakakah,SA,2022-07-17 15:14:24,29.9697,40.2064,104.9,9,0,3.71
489,Sterling,US,2022-07-17 15:10:12,39.0062,-77.4286,82.22,87,75,4.61
490,Suez,EG,2022-07-17 15:14:24,29.9737,32.5263,96.76,20,0,19.91
491,Dariba,IN,2022-07-17 15:14:25,24.95,74.1333,84.31,69,98,6.76
492,Chirongui,YT,2022-07-17 15:14:25,-12.9319,45.1483,78.73,69,17,10.85
493,Rabak,SD,2022-07-17 15:14:26,13.1809,32.74,95.34,32,47,5.44
494,Yinchuan,CN,2022-07-17 15:14:20,38.4681,106.2731,83.3,18,100,2.75
495,Ust-Kan,RU,2022-07-17 15:14:26,50.9276,84.761,59.52,91,100,7.05
496,San Ramon De La Nueva Oran,AR,2022-07-17 15:10:34,-23.1322,-64.326,61.43,34,0,3.4
497,Nanticoke,US,2022-07-17 15:14:27,41.2054,-76.0049,84.49,70,44,1.99
498,Jertih,MY,2022-07-17 15:14:27,5.7336,102.4897,78.53,90,65,1.3
499,Pisco,PE,2022-07-17 15:14:28,-13.7,-76.2167,64.45,68,20,4.61
500,Marsabit,KE,2022-07-17 15:14:28,2.3284,37.9899,74.25,40,90,19.1
501,Uromi,NG,2022-07-17 15:14:29,6.7,6.3333,78.17,72,100,5.95
502,Zyryanka,RU,2022-07-17 15:14:29,65.75,150.85,47.88,68,75,5.3
503,Simao,CN,2022-07-17 15:14:29,22.7886,100.9748,68.95,95,100,2.71
504,Bosaso,SO,2022-07-17 15:14:30,11.2842,49.1816,92.14,48,0,4.83
505,Bardsir,IR,2022-07-17 15:14:30,29.9227,56.5743,85.42,8,3,15.64
506,Qaqortoq,GL,2022-07-17 15:15:31,60.7167,-46.0333,45.54,75,11,10.16
507,Svarstad,NO,2022-07-17 15:15:31,59.399,9.9698,75.27,45,94,3.0
508,Brookhaven,US,2022-07-17 15:13:23,31.5791,-90.4407,87.8,59,75,4.85
509,Swan River,CA,2022-07-17 15:15:32,52.1058,-101.2676,78.69,78,0,6.91
510,Black Forest,US,2022-07-17 15:15:24,39.0131,-104.7008,78.84,40,0,4.61
511,Manyana,BW,2022-07-17 15:11:18,-23.4,21.7167,67.42,25,0,10.87
512,Buri,BR,2022-07-17 15:15:32,-23.7975,-48.5928,80.02,53,100,3.18
513,Dergachi,RU,2022-07-17 15:15:33,51.2328,48.7659,81.16,44,18,6.24
514,Brae,GB,2022-07-17 15:15:33,60.3964,-1.353,56.41,77,97,13.6
515,Camacha,PT,2022-07-17 15:15:34,33.0833,-16.3333,72.82,69,40,16.11
516,Abu Samrah,SY,2022-07-17 15:15:34,35.3029,37.1841,96.44,20,0,16.35
517,Yenagoa,NG,2022-07-17 15:15:34,4.9247,6.2642,83.86,58,82,5.64
518,Tilichiki,RU,2022-07-17 15:15:35,60.4667,166.1,52.9,89,74,6.02
519,Soe,ID,2022-07-17 15:15:35,-9.8607,124.284,60.51,89,21,5.53
520,Muyezerskiy,RU,2022-07-17 15:15:36,63.9333,31.65,62.94,59,55,9.19
521,Kuryk,KZ,2022-07-17 15:15:36,43.2,51.65,93.4,30,0,12.17
522,Camargo,MX,2022-07-17 15:15:36,27.6667,-105.1667,81.0,39,63,7.07
523,Arlit,NE,2022-07-17 15:15:37,18.7369,7.3853,103.71,19,1,6.11
524,Sale,MA,2022-07-17 15:15:37,34.0389,-6.8166,77.68,73,75,9.22
525,Calexico,US,2022-07-17 15:15:38,32.679,-115.4989,98.1,53,0,8.05
526,Lahij,YE,2022-07-17 15:15:38,13.1667,44.5833,98.69,23,100,11.65
527,Kitimat,CA,2022-07-17 15:15:08,54.0524,-128.6534,55.78,27,89,1.25
528,Roros,NO,2022-07-17 15:15:39,62.5747,11.3842,55.24,67,75,4.29
529,Mareeba,AU,2022-07-17 15:15:39,-17.0,145.4333,63.32,88,11,2.64
530,Gaya,IN,2022-07-17 15:15:39,24.7833,85.0,89.51,66,40,13.8
531,Tiznit,MA,2022-07-17 15:15:40,29.5833,-9.5,91.2,32,0,10.56
532,Srednekolymsk,RU,2022-07-17 15:15:40,67.45,153.6833,40.51,54,0,5.84
533,Madaoua,NE,2022-07-17 15:15:40,14.073,5.96,88.84,47,86,12.03
534,Fortuna,US,2022-07-17 15:15:41,40.5982,-124.1573,57.34,90,55,4.29
535,Caluquembe,AO,2022-07-17 15:15:41,-13.7833,14.6833,74.97,21,21,4.47
536,Asmar,AF,2022-07-17 15:15:42,35.0333,71.3581,85.01,62,54,4.43
537,Sile,TR,2022-07-17 15:15:42,41.1754,29.6133,83.07,62,0,5.99
538,Kichera,RU,2022-07-17 15:15:43,55.9375,110.0997,55.02,82,0,2.53
539,Utevka,RU,2022-07-17 15:15:43,52.9035,50.9495,78.33,61,78,1.07
540,Taksimo,RU,2022-07-17 15:15:44,56.3444,114.8794,57.33,95,100,0.36
541,Lagoa,PT,2022-07-17 15:15:44,39.05,-27.9833,70.21,89,20,10.63
542,Novoselytsya,UA,2022-07-17 15:15:44,48.2193,26.2653,74.57,35,28,20.47
543,Pangody,RU,2022-07-17 15:15:45,65.85,74.4859,69.01,47,87,16.06
544,Vanavara,RU,2022-07-17 15:15:45,60.34,102.2797,56.21,80,91,3.22
545,Prado,BR,2022-07-17 15:15:45,-17.3411,-39.2208,78.66,59,0,7.56
546,Praia Da Vitoria,PT,2022-07-17 15:15:46,38.7333,-27.0667,77.25,73,75,13.56
547,North Bend,US,2022-07-17 15:13:52,43.4065,-124.2243,63.25,95,100,4.61
548,Taltal,CL,2022-07-17 15:15:46,-25.4,-70.4833,62.4,53,0,5.44
549,Nanakuli,US,2022-07-17 15:15:47,21.3906,-158.1547,78.75,65,75,5.75
550,Phetchabun,TH,2022-07-17 15:15:47,16.25,101.0833,79.81,88,11,2.33
551,Treinta Y Tres,UY,2022-07-17 15:15:48,-33.2333,-54.3833,49.44,65,0,15.03
552,Pitimbu,BR,2022-07-17 15:15:48,-7.4706,-34.8086,81.19,81,43,18.32
553,Saint-Francois,FR,2022-07-17 15:16:48,46.4154,3.9054,89.04,25,0,8.05
554,Nanortalik,GL,2022-07-17 15:16:49,60.1432,-45.2371,43.97,79,74,12.12
555,Klyuchi,RU,2022-07-17 15:16:49,52.2667,79.1667,69.4,46,0,18.3
556,Palmer,US,2022-07-17 15:16:49,42.1584,-72.3287,85.57,60,20,4.61
557,Bandar,ID,2022-07-17 15:16:50,2.05,99.75,76.3,86,10,2.33
558,Hazorasp,UZ,2022-07-17 15:16:50,41.3194,61.0742,100.24,9,0,14.23
559,Liverpool,GB,2022-07-17 15:13:03,53.4106,-2.9779,90.75,29,0,10.36
560,Vernon,CA,2022-07-17 15:15:45,50.2581,-119.2691,68.36,59,1,1.14
561,Bo Phloi,TH,2022-07-17 15:16:51,14.3236,99.5161,80.89,75,67,6.02
562,Krasnoselkup,RU,2022-07-17 15:16:52,65.7,82.4667,60.01,62,78,9.53
563,Yilan,TW,2022-07-17 15:12:50,24.757,121.753,87.91,99,100,2.13
564,Lamu,KE,2022-07-17 15:16:52,-2.2717,40.902,77.22,80,43,17.9
565,Matamoros,MX,2022-07-17 15:16:53,25.5333,-103.25,80.71,39,40,10.36
566,Sitka,US,2022-07-17 15:16:53,57.0531,-135.33,55.29,88,100,6.91
567,Niono,ML,2022-07-17 15:16:54,14.2526,-5.993,88.7,49,100,6.17
568,Glace Bay,CA,2022-07-17 15:16:54,46.1969,-59.957,79.25,62,75,13.8
569,Lasko,SI,2022-07-17 15:16:54,46.1546,15.2356,82.18,45,13,4.32
570,Oyama,JP,2022-07-17 15:16:55,36.3,139.8,81.59,92,61,3.78
571,Monte Alegre,BR,2022-07-17 15:16:55,-2.0078,-54.0692,86.61,56,42,3.38
572,Villapinzon,CO,2022-07-17 15:16:56,5.2162,-73.5949,51.94,92,100,3.4
573,Candolim,IN,2022-07-17 15:16:56,15.5181,73.7626,80.6,89,75,6.91
